{
	"agcgw":{
		"backurl":"connect-drcn.dbankcloud.cn",
		"url":"connect-drcn.hispace.hicloud.com"
	},
	"client":{
		"cp_id":"890086000300355532",
		"product_id":"9105385871708387450",
		"client_id":"270119338319545472",
		"client_secret":"6DB92E821E63785141F7B6567A0FACA72A3D1162C8ADFCE3D8EB89F453BFB9A4",
		"app_id":"101595257",
		"package_name":"com.mob.mobpush.demo",
		"api_key":"CV5EvYN2K4olyeoxSb1vtUCAPIU09hxIfr30ydHgufgBBygiAV3oQ7Y6O/MevideHH7thj9mI+tqEMKepw/nGuCGK6MI"
	},
	"service":{
		"analytics":{
			"collector_url":"datacollector-drcn.dt.hicloud.com,datacollector-drcn.dt.dbankcloud.cn",
			"resource_id":"p1",
			"channel_id":""
		},
		"ml":{
			"mlservice_url":"ml-api-drcn.ai.dbankcloud.com,ml-api-drcn.ai.dbankcloud.cn"
		}
	},
	"region":"CN",
	"configuration_version":"1.0"
}